10003,reference,Data1,2015-08-01,C:\Users\rltjr\Downloads\chemometrics2\Python\database\Data1_REF_raw.csv,C:\Users\rltjr\Downloads\chemometrics2\Python\database\Data1_REF_results.csv
10004,reference,Data2,2015-08-01,C:\Users\rltjr\Downloads\chemometrics2\Python\database\Data2_REF_raw.csv,C:\Users\rltjr\Downloads\chemometrics2\Python\database\Data2_REF_results.csv
10005,reference,Data3,2015-08-01,C:\Users\rltjr\Downloads\chemometrics2\Python\database\Data3_REF_raw.csv,C:\Users\rltjr\Downloads\chemometrics2\Python\database\Data3_REF_results.csv
10006,reference,Data4,2015-08-01,C:\Users\rltjr\Downloads\chemometrics2\Python\database\Data4_REF_raw.csv,C:\Users\rltjr\Downloads\chemometrics2\Python\database\Data4_REF_results.csv
10007,reference,Data5,2015-08-01,C:\Users\rltjr\Downloads\chemometrics2\Python\database\Data5_REF_raw.csv,C:\Users\rltjr\Downloads\chemometrics2\Python\database\Data5_REF_results.csv
10008,sample,ldp,2015-8-1,C:\Users\rltjr\Downloads\chemometrics2\Python\database\ldp_SMP_raw.csv,C:\Users\rltjr\Downloads\chemometrics2\Python\database\ldp_SMP_results.csv
10009,reference,Data1,2015-8-1,C:\Users\rltjr\Downloads\chemometrics2\Python\database\Data1_REF_raw.csv,C:\Users\rltjr\Downloads\chemometrics2\Python\database\Data1_REF_results.csv
